[
  {
    "id": "b3b86f6e-ea5c-4138-990c-9f8c49861573",
    "data": [
      {
        "text": "where are the lessons being held?",
        "userDefined": false
      }
    ],
    "isTemplate": false,
    "count": 0,
    "lang": "en",
    "updated": 0
  },
  {
    "id": "599eafba-1406-44e3-92f3-919bc3433666",
    "data": [
      {
        "text": "course information",
        "userDefined": false
      }
    ],
    "isTemplate": false,
    "count": 0,
    "lang": "en",
    "updated": 0
  },
  {
    "id": "1f81c220-6864-4030-b317-0e411a47c2b5",
    "data": [
      {
        "text": "course info",
        "userDefined": false
      }
    ],
    "isTemplate": false,
    "count": 0,
    "lang": "en",
    "updated": 0
  },
  {
    "id": "ae6980b4-6147-44c8-88b7-0c7fbf5706c6",
    "data": [
      {
        "text": "bootcamp general info",
        "userDefined": false
      }
    ],
    "isTemplate": false,
    "count": 0,
    "lang": "en",
    "updated": 0
  },
  {
    "id": "44e2d10b-cdf8-4a4d-a2e9-eca60840a947",
    "data": [
      {
        "text": "how much commitment should i provide for the bootcamp?",
        "userDefined": false
      }
    ],
    "isTemplate": false,
    "count": 0,
    "lang": "en",
    "updated": 0
  },
  {
    "id": "070161a6-14a6-4fed-889d-ca590a607df7",
    "data": [
      {
        "text": "how much do i have to pay?",
        "userDefined": false
      }
    ],
    "isTemplate": false,
    "count": 0,
    "lang": "en",
    "updated": 0
  },
  {
    "id": "370f6574-1b8f-4d6d-9d4c-2e3f53d69b77",
    "data": [
      {
        "text": "how long is the bootcamp?",
        "userDefined": false
      }
    ],
    "isTemplate": false,
    "count": 0,
    "lang": "en",
    "updated": 0
  },
  {
    "id": "0b52a958-b282-4adf-a837-6f721b756a86",
    "data": [
      {
        "text": "what is the format of your bootcamp?",
        "userDefined": false
      }
    ],
    "isTemplate": false,
    "count": 0,
    "lang": "en",
    "updated": 0
  },
  {
    "id": "4efd04a4-62cb-4804-8363-790c7308ab7b",
    "data": [
      {
        "text": "bootcamp information",
        "userDefined": false
      }
    ],
    "isTemplate": false,
    "count": 0,
    "lang": "en",
    "updated": 0
  },
  {
    "id": "754022ab-f369-453a-988b-19230a5e200c",
    "data": [
      {
        "text": "bootcamp details",
        "userDefined": false
      }
    ],
    "isTemplate": false,
    "count": 0,
    "lang": "en",
    "updated": 0
  },
  {
    "id": "ceaf4805-ea73-48b2-8c07-6d002b77409d",
    "data": [
      {
        "text": "bootcamp format",
        "userDefined": false
      }
    ],
    "isTemplate": false,
    "count": 0,
    "lang": "en",
    "updated": 0
  },
  {
    "id": "ab519952-0608-469f-bf0e-ed53a330e98d",
    "data": [
      {
        "text": "format",
        "userDefined": false
      }
    ],
    "isTemplate": false,
    "count": 0,
    "lang": "en",
    "updated": 0
  }
]