[
  {
    "id": "a08b95e5-cf5d-441b-a849-cbadfb01229f",
    "data": [
      {
        "text": "i want to quit",
        "userDefined": false
      }
    ],
    "isTemplate": false,
    "count": 0,
    "lang": "en",
    "updated": 0
  },
  {
    "id": "d6951a25-a555-48b6-9631-f96b3de87f43",
    "data": [
      {
        "text": "cancel class",
        "userDefined": false
      }
    ],
    "isTemplate": false,
    "count": 0,
    "lang": "en",
    "updated": 0
  },
  {
    "id": "3f13cd2b-9b01-45c2-a227-793d9dfbc94e",
    "data": [
      {
        "text": "quit bootcamp",
        "userDefined": false
      }
    ],
    "isTemplate": false,
    "count": 0,
    "lang": "en",
    "updated": 0
  },
  {
    "id": "c48757a1-774c-49e8-a4e6-6042d9409c5b",
    "data": [
      {
        "text": "quit course",
        "userDefined": false
      }
    ],
    "isTemplate": false,
    "count": 0,
    "lang": "en",
    "updated": 0
  },
  {
    "id": "2caf91e8-5450-4c6f-9cdc-3bc2f673b83f",
    "data": [
      {
        "text": "cancel bootcamp registration",
        "userDefined": false
      }
    ],
    "isTemplate": false,
    "count": 0,
    "lang": "en",
    "updated": 0
  },
  {
    "id": "4ff33317-f54d-49ff-9f7d-f51eadf28e5f",
    "data": [
      {
        "text": "cancel registration",
        "userDefined": false
      }
    ],
    "isTemplate": false,
    "count": 0,
    "lang": "en",
    "updated": 0
  },
  {
    "id": "9c7c3ffb-eae1-43ca-b6fd-8f9b3999969b",
    "data": [
      {
        "text": "i would like to cancel my registration",
        "userDefined": false
      }
    ],
    "isTemplate": false,
    "count": 0,
    "lang": "en",
    "updated": 0
  },
  {
    "id": "85cb4913-3219-4b0c-995e-6b586478373e",
    "data": [
      {
        "text": "cancel registration for ",
        "userDefined": false
      },
      {
        "text": "contact",
        "meta": "@sys.phone-number",
        "alias": "cust_contact",
        "userDefined": true
      }
    ],
    "isTemplate": false,
    "count": 0,
    "lang": "en",
    "updated": 0
  },
  {
    "id": "9e64fbec-127f-47d8-9c2e-4f5bf0182c4f",
    "data": [
      {
        "text": "cancel registration for ",
        "userDefined": false
      },
      {
        "text": "email",
        "meta": "@sys.email",
        "alias": "cust_email",
        "userDefined": true
      }
    ],
    "isTemplate": false,
    "count": 0,
    "lang": "en",
    "updated": 0
  },
  {
    "id": "7c75949c-7546-4698-8512-b00b948c0590",
    "data": [
      {
        "text": "cancel registration for ",
        "userDefined": false
      },
      {
        "text": "name",
        "meta": "@sys.any",
        "alias": "cust_name",
        "userDefined": true
      }
    ],
    "isTemplate": false,
    "count": 0,
    "lang": "en",
    "updated": 0
  },
  {
    "id": "decf0736-ad48-4460-9bd3-55682df9f708",
    "data": [
      {
        "text": "I would like to cancel my registration for ",
        "userDefined": false
      },
      {
        "text": "ds101",
        "meta": "@Bootcamps",
        "alias": "Bootcamps",
        "userDefined": true
      }
    ],
    "isTemplate": false,
    "count": 0,
    "lang": "en",
    "updated": 0
  }
]