[
  {
    "id": "3c1b9f10-190f-4c6c-9598-58706f0de805",
    "data": [
      {
        "text": "circuit breaker phase ",
        "userDefined": false
      },
      {
        "text": "2",
        "meta": "@sys.ignore",
        "userDefined": false
      }
    ],
    "isTemplate": false,
    "count": 0,
    "lang": "en",
    "updated": 0
  },
  {
    "id": "3e86df07-2d30-48c5-aa70-d8d2c6afc1d8",
    "data": [
      {
        "text": "bootcamp circuit breaker phase ",
        "userDefined": false
      },
      {
        "text": "2",
        "meta": "@sys.ignore",
        "userDefined": false
      }
    ],
    "isTemplate": false,
    "count": 0,
    "lang": "en",
    "updated": 0
  },
  {
    "id": "3344607b-9904-4948-bbf2-d5a56f2d00f5",
    "data": [
      {
        "text": "covid ",
        "userDefined": false
      },
      {
        "text": "19",
        "meta": "@sys.ignore",
        "userDefined": false
      },
      {
        "text": " phase ",
        "userDefined": false
      },
      {
        "text": "2",
        "meta": "@sys.ignore",
        "userDefined": false
      }
    ],
    "isTemplate": false,
    "count": 0,
    "lang": "en",
    "updated": 0
  },
  {
    "id": "4b070ef4-8744-4a07-a84b-1f5631323caa",
    "data": [
      {
        "text": "do i have to attend courses in the middle of circuit breaker?",
        "userDefined": false
      }
    ],
    "isTemplate": false,
    "count": 0,
    "lang": "en",
    "updated": 0
  },
  {
    "id": "afba93e2-e1ed-4f67-9442-537452f43d2d",
    "data": [
      {
        "text": "are you open in the middle of the pandemic?",
        "userDefined": false
      }
    ],
    "isTemplate": false,
    "count": 0,
    "lang": "en",
    "updated": 0
  },
  {
    "id": "4abfee77-4e67-435a-8908-ee86a70a9848",
    "data": [
      {
        "text": "are you open in the middle of covid ",
        "userDefined": false
      },
      {
        "text": "19",
        "meta": "@sys.ignore",
        "userDefined": false
      },
      {
        "text": "?",
        "userDefined": false
      }
    ],
    "isTemplate": false,
    "count": 0,
    "lang": "en",
    "updated": 0
  },
  {
    "id": "70197c91-5094-46f7-b370-cdd96ed94fe2",
    "data": [
      {
        "text": "covid 19 bootcamp",
        "userDefined": false
      }
    ],
    "isTemplate": false,
    "count": 0,
    "lang": "en",
    "updated": 0
  },
  {
    "id": "dc879236-ca81-4d1f-b9cf-fbc6b1323c22",
    "data": [
      {
        "text": "covid 19 course",
        "userDefined": false
      }
    ],
    "isTemplate": false,
    "count": 0,
    "lang": "en",
    "updated": 0
  },
  {
    "id": "d2f80b0e-77ca-4298-a203-f64cfc940e2b",
    "data": [
      {
        "text": "covid 19 rule",
        "userDefined": false
      }
    ],
    "isTemplate": false,
    "count": 0,
    "lang": "en",
    "updated": 0
  },
  {
    "id": "46f4056a-319d-47f9-aacf-6f7fb9d8d3d2",
    "data": [
      {
        "text": "covid 19 policy",
        "userDefined": false
      }
    ],
    "isTemplate": false,
    "count": 0,
    "lang": "en",
    "updated": 0
  },
  {
    "id": "27e0d0f7-58fc-4acf-a426-ba80d2018854",
    "data": [
      {
        "text": "covid 19 regulation",
        "userDefined": false
      }
    ],
    "isTemplate": false,
    "count": 0,
    "lang": "en",
    "updated": 0
  },
  {
    "id": "d9b616aa-681a-4eac-b84b-19155cf9cf7c",
    "data": [
      {
        "text": "covid 19 class",
        "userDefined": false
      }
    ],
    "isTemplate": false,
    "count": 0,
    "lang": "en",
    "updated": 0
  },
  {
    "id": "1d64aeeb-567a-4751-af60-404badd67675",
    "data": [
      {
        "text": "pandemic",
        "userDefined": false
      }
    ],
    "isTemplate": false,
    "count": 0,
    "lang": "en",
    "updated": 0
  },
  {
    "id": "8dcd837f-d513-4453-bb9a-36fffb2747b9",
    "data": [
      {
        "text": "how are your bootcamps run during covid 19?",
        "userDefined": false
      }
    ],
    "isTemplate": false,
    "count": 0,
    "lang": "en",
    "updated": 0
  },
  {
    "id": "ccf4d976-0718-4161-a103-ed96262bbb0f",
    "data": [
      {
        "text": "corona virus",
        "userDefined": false
      }
    ],
    "isTemplate": false,
    "count": 0,
    "lang": "en",
    "updated": 0
  },
  {
    "id": "3b4241b3-e904-4c72-8d7b-7c71daa481e2",
    "data": [
      {
        "text": "covid 19",
        "userDefined": false
      }
    ],
    "isTemplate": false,
    "count": 0,
    "lang": "en",
    "updated": 0
  }
]