[
  {
    "id": "749d28dc-117e-4665-8484-ebb02742126c",
    "data": [
      {
        "text": "course sign up",
        "userDefined": false
      }
    ],
    "isTemplate": false,
    "count": 0,
    "lang": "en",
    "updated": 0
  },
  {
    "id": "ac2cedc8-c87c-4d99-9744-1b6245aa3201",
    "data": [
      {
        "text": "course registration",
        "userDefined": false
      }
    ],
    "isTemplate": false,
    "count": 0,
    "lang": "en",
    "updated": 0
  },
  {
    "id": "2edc64c5-f9dc-4525-a008-cce7484dd5c8",
    "data": [
      {
        "text": "bootcamp sign up",
        "userDefined": false
      }
    ],
    "isTemplate": false,
    "count": 0,
    "lang": "en",
    "updated": 0
  },
  {
    "id": "7965629d-3835-4873-834d-881aba9beddc",
    "data": [
      {
        "text": "bootcamp registration",
        "userDefined": false
      }
    ],
    "isTemplate": false,
    "count": 0,
    "lang": "en",
    "updated": 0
  },
  {
    "id": "4a4ffa96-51f8-4198-8ca2-4e9babceb6b9",
    "data": [
      {
        "text": "i want to register for ",
        "userDefined": false
      },
      {
        "text": "bootcamp",
        "meta": "@Bootcamps",
        "alias": "Bootcamps",
        "userDefined": true
      }
    ],
    "isTemplate": false,
    "count": 0,
    "lang": "en",
    "updated": 0
  },
  {
    "id": "76cd1ed6-aa41-4bcd-bf2d-a6e23f62af12",
    "data": [
      {
        "text": "i want to sign up for ",
        "userDefined": false
      },
      {
        "text": "bootcamp",
        "meta": "@Bootcamps",
        "alias": "Bootcamps",
        "userDefined": true
      }
    ],
    "isTemplate": false,
    "count": 0,
    "lang": "en",
    "updated": 0
  },
  {
    "id": "ad290c80-28fc-426d-8146-f16b2960de98",
    "data": [
      {
        "text": "i want to sign up",
        "userDefined": false
      }
    ],
    "isTemplate": false,
    "count": 0,
    "lang": "en",
    "updated": 0
  },
  {
    "id": "bdc076a9-97be-41a7-b06d-3beeb9b6d70b",
    "data": [
      {
        "text": "sign up",
        "userDefined": false
      }
    ],
    "isTemplate": false,
    "count": 0,
    "lang": "en",
    "updated": 0
  },
  {
    "id": "ee799203-b7fc-4f88-a3db-c5fc715ecea6",
    "data": [
      {
        "text": "register",
        "userDefined": false
      }
    ],
    "isTemplate": false,
    "count": 0,
    "lang": "en",
    "updated": 0
  },
  {
    "id": "ccee4e93-0542-4b01-9fd5-004758ecc162",
    "data": [
      {
        "text": "registration",
        "userDefined": false
      }
    ],
    "isTemplate": false,
    "count": 0,
    "lang": "en",
    "updated": 0
  },
  {
    "id": "31796bee-61e3-4c3c-a2c7-c82d28ac3f42",
    "data": [
      {
        "text": "FS101-Full Stack 101",
        "meta": "@Bootcamps",
        "alias": "Bootcamps",
        "userDefined": false
      }
    ],
    "isTemplate": false,
    "count": 0,
    "lang": "en",
    "updated": 0
  },
  {
    "id": "71846c5f-a7b1-466e-ac91-6e76f7325f11",
    "data": [
      {
        "text": "I would like to register for a bootcamp",
        "userDefined": false
      }
    ],
    "isTemplate": false,
    "count": 0,
    "lang": "en",
    "updated": 0
  },
  {
    "id": "9282cd11-7abc-4c89-91eb-9da159c8d3f1",
    "data": [
      {
        "text": "I would like to sign up for a bootcamp",
        "userDefined": false
      }
    ],
    "isTemplate": false,
    "count": 0,
    "lang": "en",
    "updated": 0
  }
]