[
  {
    "id": "13016cd9-2f67-4f47-add4-b674b271f8fa",
    "data": [
      {
        "text": "what do you have in the future?",
        "userDefined": false
      }
    ],
    "isTemplate": false,
    "count": 0,
    "lang": "en",
    "updated": 0
  },
  {
    "id": "ec60ac0b-6fc1-4e86-a026-7f2b11b72b92",
    "data": [
      {
        "text": "new courses",
        "userDefined": false
      }
    ],
    "isTemplate": false,
    "count": 0,
    "lang": "en",
    "updated": 0
  },
  {
    "id": "eeab22fc-ce9f-4aa0-9175-f104e771961f",
    "data": [
      {
        "text": "new bootcamp",
        "userDefined": false
      }
    ],
    "isTemplate": false,
    "count": 0,
    "lang": "en",
    "updated": 0
  },
  {
    "id": "e4baab53-f219-428b-9407-154bda4be21c",
    "data": [
      {
        "text": "can you tell me what bootcamps do you provide?",
        "userDefined": false
      }
    ],
    "isTemplate": false,
    "count": 0,
    "lang": "en",
    "updated": 0
  },
  {
    "id": "b7a23c8b-4065-4e88-95e0-83510eea101f",
    "data": [
      {
        "text": "view bootcamps",
        "userDefined": false
      }
    ],
    "isTemplate": false,
    "count": 0,
    "lang": "en",
    "updated": 0
  },
  {
    "id": "be80083f-049c-42b5-ae61-c8de7346be4e",
    "data": [
      {
        "text": "what courses do you provide?",
        "userDefined": false
      }
    ],
    "isTemplate": false,
    "count": 0,
    "lang": "en",
    "updated": 0
  },
  {
    "id": "7a1d54eb-211e-4f28-aabf-3a593d728107",
    "data": [
      {
        "text": "view upcoming courses",
        "userDefined": false
      }
    ],
    "isTemplate": false,
    "count": 0,
    "lang": "en",
    "updated": 0
  },
  {
    "id": "66331812-809b-457e-b2e7-b75074a6c9a1",
    "data": [
      {
        "text": "view courses",
        "userDefined": false
      }
    ],
    "isTemplate": false,
    "count": 0,
    "lang": "en",
    "updated": 0
  },
  {
    "id": "32246c85-1853-4106-8be4-1b554aea2d5b",
    "data": [
      {
        "text": "future bootcamp",
        "userDefined": false
      }
    ],
    "isTemplate": false,
    "count": 0,
    "lang": "en",
    "updated": 0
  },
  {
    "id": "179e0892-d084-499e-aff8-c2931ef9442b",
    "data": [
      {
        "text": "upcoming bootcamps",
        "userDefined": false
      }
    ],
    "isTemplate": false,
    "count": 0,
    "lang": "en",
    "updated": 0
  },
  {
    "id": "d6d1f3a4-0f3c-49da-8ab5-cc41c7913a5f",
    "data": [
      {
        "text": "What are the upcoming bootcamps available?",
        "userDefined": false
      }
    ],
    "isTemplate": false,
    "count": 0,
    "lang": "en",
    "updated": 0
  }
]