[
  {
    "value": "DS101-Data Science 101",
    "synonyms": [
      "Data Science 101",
      "DS101",
      "DS101-Data Science 101",
      "datascience 101",
      "data science101",
      "datascience101"
    ]
  },
  {
    "value": "DS102-Data Science 102",
    "synonyms": [
      "DS102-Data Science 102",
      "Data Science 102",
      "DS102",
      "datascience102",
      "datascience 102",
      "data science102"
    ]
  },
  {
    "value": "DS103-Data Science 103",
    "synonyms": [
      "DS103-Data Science 103",
      "Data Science 103",
      "DS103",
      "datascience103",
      "datascience 103",
      "data science103"
    ]
  },
  {
    "value": "FS101-Full Stack 101",
    "synonyms": [
      "FS101-Full Stack 101",
      "FS101",
      "Fullstack101",
      "Fullstack 101",
      "Full Stack 101"
    ]
  },
  {
    "value": "FS102-Full Stack 102",
    "synonyms": [
      "FS102-Full Stack 102",
      "FS102",
      "Fullstack102",
      "fullstack 102",
      "full stack 102"
    ]
  },
  {
    "value": "FS103-Full Stack 103",
    "synonyms": [
      "FS103-Full Stack 103",
      "fs103",
      "fullstack103",
      "fullstack 103",
      "full stack 103"
    ]
  }
]